0,8,0.742363333
0,9,1.376627375
0,10,3.276840624
0,12,0.628179801
0,14,0.577873688
0,18,2.025695148
0,19,2.753523261
0,21,2.232056603
0,22,3.269481499
0,23,1.770689717
0,53,2.04675132
0,62,3.197823717
0,63,1.365132551
0,106,1.209575413
0,129,1.339337392
0,131,1.218611911
0,172,0.387521505
0,173,2.378816696
0,280,2.258312592
1,87,1.831037598
1,162,0.867544341
1,165,0.68062514
1,167,0.348695201
1,193,1.350035355
1,259,0.818556412
2,3,0.320901578
2,4,0.218104498
2,11,0.827552455
2,38,1.72491662
2,40,1.087819131
2,122,0.829796566
2,170,1.552609223
2,203,2.366119947
2,249,0.934457399
2,250,0.763744871
2,251,0.367267187
2,253,0.792172148
2,254,0.680942623
2,262,1.787704193
2,282,1.294338839
2,283,1.735472297
2,286,1.43316009
3,2,0.320901578
3,4,0.189330507
3,122,0.511434528
3,253,0.891929717
3,254,0.689224997
4,2,0.218104498
4,3,0.189330507
4,11,0.677024869
4,28,2.169689165
4,29,2.214659621
4,30,2.305617819
4,40,1.282855739
4,44,1.886945317
4,68,1.508731234
4,95,1.757880402
4,122,0.648486622
4,124,1.707929229
4,154,1.944949303
4,155,2.165767582
4,156,1.684159046
4,157,1.947390212
4,173,1.835751878
4,195,3.093255841
4,198,1.007907992
4,199,1.232064967
4,200,1.292217967
4,203,2.185032916
4,218,2.134660221
4,249,1.146343771
4,250,0.961811985
4,251,0.584560648
4,252,1.014315988
4,253,0.952767422
4,254,0.791643045
4,262,2.004861758
4,271,1.620221908
4,272,2.063071021
4,282,1.08322536
4,283,1.539524301
4,286,1.646479812
4,290,2.531408009
5,6,0.667832371
5,19,1.215309944
5,108,0.238373185
5,109,0.765438805
5,189,1.091874035
5,217,2.048599841
5,247,0.514981509
6,5,0.667832371
6,9,2.353437402
6,18,3.873915268
6,19,1.285990452
6,108,0.461365463
6,109,1.425537874
6,189,0.429632496
6,217,2.714392145
6,247,1.182015318
7,20,0.578854009
7,58,0.423698631
8,0,0.742363333
8,9,0.640160639
8,14,0.862057779
8,18,1.718094114
8,19,2.512316321
8,21,2.231626035
8,23,1.804568565
8,53,2.52863352
8,63,1.220262689
8,64,0.866403175
8,106,1.310372699
8,129,2.014156789
8,131,1.890151503
8,172,1.076902597
8,280,2.452271476
9,0,1.376627375
9,6,2.353437402
9,8,0.640160639
9,14,1.449588305
9,18,1.568064049
9,19,2.587195194
9,63,1.327413779
9,106,1.758023316
9,172,1.684353265
9,189,1.939644076
10,0,3.276840624
10,14,2.712757605
10,19,1.560443426
10,21,1.176530811
10,22,0.640471905
10,23,1.578902323
10,47,1.225107368
10,52,1.242513389
10,53,1.854857836
10,62,0.506719428
10,75,0.416673636
10,106,2.104727127
10,117,1.006321128
10,121,0.685872152
10,125,0.897314877
10,129,2.796547399
10,131,2.790419956
10,143,0.671547435
10,172,3.515038825
10,245,0.98233881
10,246,1.652960914
10,273,1.202537782
10,280,1.039093239
11,2,0.827552455
11,4,0.677024869
11,28,1.494322045
11,29,1.539410986
11,30,1.628596175
11,40,1.57920528
11,51,2.954149373
11,68,1.077845197
11,95,2.257013833
11,96,2.640796768
11,122,0.949772666
11,124,1.383285718
11,154,1.856674872
11,155,2.087751398
11,156,1.572186732
11,157,1.793102719
11,170,2.380108128
11,173,2.253529326
11,195,2.416231384
11,196,2.575258477
11,198,0.330883279
11,199,0.635050879
11,200,0.615193251
11,203,1.55164171
11,218,1.762515606
11,249,1.719095472
11,251,1.111517421
11,262,2.511153868
11,271,1.852366777
11,272,2.701111493
11,282,0.676021004
11,283,0.968606937
11,286,2.037013619
11,290,2.055851859
12,0,0.628179801
12,13,0.599631345
12,14,1.205568972
12,15,0.929477313
12,16,0.987137944
12,17,1.386488375
12,23,2.398171209
12,63,0.909423605
12,106,1.83708852
12,110,2.334001986
12,128,0.979002431
12,130,0.855003841
12,131,1.594109195
12,138,1.233310697
12,172,0.45824832
12,240,2.446676794
13,12,0.599631345
13,15,0.364092869
13,16,0.555389188
13,17,0.786891809
13,18,1.674411104
13,31,3.065611917
13,32,2.390523989
13,63,1.05824965
13,89,2.702626506
13,90,2.160594577
13,110,1.809191516
13,128,0.913434922
13,129,1.926371713
13,130,0.940051729
13,131,1.849168556
13,132,3.078166543
13,136,1.720367349
13,138,0.70923814
13,139,1.019573645
13,172,0.877772304
13,173,2.968067318
13,183,3.313342129
13,184,1.982951899
13,185,1.572552854
13,212,2.076170815
13,218,1.937281117
13,219,2.157341956
13,234,2.504980466
13,239,2.026507093
13,240,1.969828367
13,241,2.262292008
13,290,2.025808494
14,0,0.577873688
14,8,0.862057779
14,9,1.449588305
14,10,2.712757605
14,12,1.205568972
14,19,2.207136727
14,21,1.654183806
14,22,2.691610719
14,23,1.192817509
14,47,2.656787494
14,51,2.538667836
14,52,1.981762518
14,53,1.666959238
14,62,2.620635016
14,75,2.859346996
14,95,2.448746831
14,96,2.755012789
14,106,0.631701726
14,121,2.982894697
14,129,1.253551611
14,131,1.132865598
14,172,0.900020706
14,173,2.150866894
14,280,1.709264558
15,12,0.929477313
15,13,0.364092869
15,16,0.307094393
15,17,0.517869023
15,31,2.958719033
15,32,2.279259244
15,89,2.473020528
15,90,1.924214204
15,110,1.687005052
15,128,0.864908509
15,129,1.956452504
15,130,0.980489576
15,132,2.851898087
15,134,0.934144863
15,136,1.359687504
15,138,0.351735733
15,139,0.655719399
15,172,1.102675698
15,183,3.057727601
15,184,1.645035904
15,185,1.213972629
15,212,1.892211197
15,218,1.637131727
15,219,1.850954393
15,234,2.158495286
15,240,1.90165173
15,271,2.414221369
15,283,2.59045354
15,290,1.678486093
16,12,0.987137944
16,13,0.555389188
16,15,0.307094393
16,17,0.732578272
16,128,0.60278319
16,130,0.764538873
16,131,1.655932458
16,136,1.233910552
16,138,0.296864712
16,139,0.600470454
16,172,1.024858939
16,185,1.199286331
16,203,2.449665788
16,212,1.586147802
16,218,1.381903449
16,271,2.115925757
16,283,2.334960351
16,290,1.496760408
17,12,1.386488375
17,13,0.786891809
17,15,0.517869023
17,16,0.732578272
17,18,2.040884372
17,31,2.48481352
17,32,1.80916644
17,33,3.5310405
17,89,1.9551759
17,90,1.406470484
17,110,1.220128805
17,113,1.894413607
17,132,2.334033373
17,136,1.219511605
17,138,0.51796693
17,139,0.574568893
17,172,1.614475617
17,182,2.677312758
17,183,2.544255797
17,184,1.227242099
17,185,0.908684197
17,219,1.37158713
17,234,1.761318162
17,239,1.72750392
17,240,1.475792585
17,241,2.090099914
17,256,1.54470341
17,285,4.199609001
17,296,2.436432511
18,0,2.025695148
18,6,3.873915268
18,8,1.718094114
18,9,1.568064049
18,13,1.674411104
18,17,2.040884372
18,32,2.426200355
18,63,0.693726636
18,64,1.122530791
18,76,2.431557799
18,110,2.097994276
18,189,3.447731995
18,241,1.42528233
19,0,2.753523261
19,5,1.215309944
19,6,1.285990452
19,8,2.512316321
19,9,2.587195194
19,10,1.560443426
19,14,2.207136727
19,21,0.894182931
19,22,1.030612941
19,23,1.180725032
19,47,2.515481702
19,52,2.107941965
19,53,2.457100656
19,62,1.097028046
19,75,1.959076918
19,106,1.634789846
19,108,1.297022812
19,109,1.408995472
19,117,2.515308421
19,121,2.220560359
19,125,2.45587637
19,143,2.044276059
19,172,3.10549501
19,217,2.63393939
19,247,1.363011111
19,273,2.675791653
19,280,1.487234622
20,7,0.578854009
20,42,0.319378699
20,58,1.00255165
21,0,2.232056603
21,8,2.231626035
21,10,1.176530811
21,14,1.654183806
21,19,0.894182931
21,22,1.037492689
21,23,0.461415518
21,47,1.757436223
21,52,1.25089001
21,53,1.56297631
21,62,0.973416087
21,75,1.462298328
21,106,1.022484016
21,109,2.252488324
21,121,1.677374971
21,125,2.004399672
21,129,2.152983306
21,131,2.099059101
21,172,2.528427086
21,217,3.363284357
21,273,2.01991059
21,280,0.618256839
22,0,3.269481499
22,10,0.640471905
22,14,2.691610719
22,19,1.030612941
22,21,1.037492689
22,23,1.498793795
22,47,1.827608443
22,52,1.68473285
22,53,2.232359038
22,62,0.151258216
22,75,1.05477809
22,106,2.059914312
22,117,1.498082932
22,121,1.323116618
22,125,1.481592802
22,129,3.051556606
22,131,3.020462584
22,143,1.014223271
22,148,1.772176094
22,172,3.560714934
22,217,2.560548198
22,245,1.186188659
22,246,1.75106026
22,273,1.842689113
22,274,1.795998624
22,280,1.250529301
23,0,1.770689717
23,8,1.804568565
23,10,1.578902323
23,12,2.398171209
23,14,1.192817509
23,19,1.180725032
23,21,0.461415518
23,22,1.498793795
23,47,1.904180881
23,51,2.060754685
23,52,1.288079552
23,53,1.403717671
23,62,1.430665364
23,75,1.805478762
23,95,2.325704518
23,96,2.394872389
23,106,0.561121242
23,121,1.986183165
23,129,1.793361187
23,131,1.723915355
23,172,2.069408294
23,173,2.143232832
23,273,2.242887929
23,280,0.730178792
24,25,0.462657148
24,140,0.845238533
24,141,0.443884448
24,229,1.267658328
25,24,0.462657148
25,118,3.009255925
25,119,3.135934317
25,140,0.436659593
25,141,0.544294198
25,149,2.090044846
25,229,1.263680491
25,232,3.573656433
26,37,0.761517839
26,78,0.971324572
26,79,0.81823177
26,80,2.750770137
26,81,1.690552626
26,176,3.031515614
27,28,0.374383297
27,29,0.418685207
27,30,0.491982856
27,66,1.519288066
27,68,1.163248768
27,105,2.256560287
27,124,1.513799696
27,126,1.29303205
27,154,2.224262938
27,155,2.42184822
27,156,1.980610346
27,157,2.075997046
27,195,1.279599572
27,197,1.563311247
27,198,0.805749269
27,199,0.770573872
27,200,0.521439343
27,224,2.98882785
27,225,0.477028326
27,251,2.190427321
27,254,2.605294083
27,269,6.212181804
27,283,0.771310943
28,4,2.169689165
28,11,1.494322045
28,27,0.374383297
28,29,0.263371109
28,30,0.192040499
28,40,2.699178901
28,66,1.252396892
28,67,1.591225089
28,68,1.307354611
28,105,2.202923019
28,113,1.932271933
28,115,2.194942031
28,124,1.616837158
28,126,1.157274323
28,136,2.134388363
28,154,2.341633145
28,155,2.51887223
28,156,2.124944622
28,157,2.176239488
28,159,1.454316561
28,184,2.607388135
28,185,2.521397124
28,190,2.405236304
28,194,1.234284942
28,195,0.936143153
28,199,1.043774599
28,200,0.88292601
28,204,0.600123137
28,220,2.176063364
28,224,2.615441002
28,225,0.494403657
28,234,2.344314869
28,251,2.513822739
28,263,2.45935447
28,283,1.092441088
28,296,1.64201254
29,4,2.214659621
29,11,1.539410986
29,27,0.418685207
29,28,0.263371109
29,30,0.159128474
29,40,2.856116251
29,66,1.100700575
29,67,1.493019049
29,68,1.517417898
29,113,1.681410212
29,115,1.966455896
29,124,1.84446907
29,126,1.420382169
29,136,1.877089945
29,156,2.339602811
29,159,1.257321154
29,184,2.346189533
29,185,2.259053149
29,190,2.404015397
29,195,0.892246714
29,198,1.210075139
29,199,1.181533981
29,200,0.927992986
29,204,0.339806166
29,220,2.131162345
29,224,2.693333522
29,225,0.725859966
29,234,2.095178648
29,263,2.491258139
29,283,0.963930639
29,296,1.423788741
29,300,1.074426756
30,4,2.305617819
30,11,1.628596175
30,27,0.491982856
30,28,0.192040499
30,29,0.159128474
30,66,1.066038168
30,67,1.422382349
30,68,1.499068326
30,105,2.370681476
30,113,1.753519308
30,115,2.005379534
30,124,1.808370551
30,126,1.310762099
30,136,2.012075321
30,156,2.316977171
30,157,2.367132832
30,159,1.262319939
30,184,2.442765312
30,185,2.381353991
30,190,2.285786056
30,195,0.787649912
30,198,1.297714182
30,199,1.217257353
30,200,1.013406524
30,204,0.479196976
30,220,2.032415779
30,225,0.686377748
30,234,2.163666366
30,251,2.673232293
30,263,2.360404945
30,283,1.113924675
30,296,1.450969546
31,13,3.065611917
31,15,2.958719033
31,17,2.48481352
31,32,0.679551524
31,33,1.054166449
31,89,1.147671122
31,110,1.271726699
31,161,2.556435408
31,183,1.483081302
31,184,2.342733989
31,185,2.679485911
31,240,1.111250778
31,284,1.987488688
31,285,1.734804832
32,13,2.390523989
32,15,2.279259244
32,17,1.80916644
32,18,2.426200355
32,31,0.679551524
32,33,1.733091544
32,89,0.942797298
32,90,0.907141318
32,110,0.59240628
32,132,1.133723646
32,136,2.557662425
32,158,3.380925435
32,160,3.363236949
32,184,1.823816339
32,185,2.083795307
32,219,1.497376358
32,234,2.126772396
32,239,0.89280108
32,240,0.477285436
32,241,1.282078824
32,284,2.664974647
32,285,2.411585179
33,17,3.5310405
33,31,1.054166449
33,32,1.733091544
33,89,1.922940094
33,110,2.324363199
33,132,1.685076804
33,161,1.614675717
33,163,1.747453226
33,166,2.040727551
33,183,1.915047973
33,240,2.156686415
33,284,0.934717046
33,285,0.684190409
34,35,0.672740367
34,192,0.638812154
34,211,1.279481568
34,258,0.881094589
35,34,0.672740367
35,36,1.051832134
35,49,0.568977017
35,248,2.062423797
36,35,1.051832134
36,41,0.849367888
36,49,1.557484009
36,248,2.559908657
37,26,0.761517839
37,78,1.584960484
37,80,3.322679145
37,81,2.242750024
37,141,3.698246882
37,176,2.28962634
38,2,1.72491662
38,40,1.717256279
38,43,0.485376868
38,45,0.571264028
38,51,2.051215855
38,55,1.643465566
38,60,1.877222913
38,61,2.301974998
38,96,1.714770858
38,124,3.024488884
38,156,2.664519937
38,170,0.173542225
38,175,2.477754089
38,180,0.531232565
38,226,1.224855305
38,249,0.986998983
38,250,1.001938996
38,251,1.506208423
38,252,1.529033393
38,253,0.939558801
38,261,0.834675584
38,262,1.101129042
38,270,2.22967932
38,272,1.281029426
38,273,2.405235503
38,286,1.481970723
39,83,0.259928987
39,104,0.739551134
39,142,2.35061327
39,181,1.227277306
39,220,1.400817158
39,221,1.1945788702077995
39,223,1.043835547
39,238,2.792301685
39,294,2.529052803
40,2,1.087819131
40,4,1.282855739
40,11,1.57920528
40,28,2.699178901
40,29,2.856116251
40,38,1.717256279
40,55,3.350824639
40,68,1.477707659
40,122,1.917610685
40,124,1.369497849
40,154,1.062775287
40,155,1.207293648
40,156,0.951300806
40,157,1.183413247
40,170,1.569961265
40,175,4.158657038
40,180,2.243401824
40,199,1.675337454
40,200,2.015207023
40,226,2.905470037
40,249,0.775169273
40,251,0.762704635
40,252,0.315306137
40,261,1.528596183
40,262,1.087231159
40,270,3.878305533
40,282,2.222682926
40,283,2.5381822
40,286,0.492326529
41,36,0.849367888
41,236,0.756591325
42,20,0.319378699
43,38,0.485376868
43,45,0.268771322
43,51,1.565843244
43,55,1.568687992
43,60,1.53983585
43,61,1.943304044
43,96,1.232255122
43,170,0.503334082
43,175,2.433983483
43,180,0.605311332
43,226,1.254915031
43,253,0.936336206
43,254,1.035095298
43,270,2.243840091
43,272,0.797229103
43,273,1.972510071
44,4,1.886945317
44,45,0.512315715
44,51,1.114982306
44,60,1.305283631
44,122,1.827524864
44,254,1.134910216
44,261,1.77090629
44,272,0.350070526
45,38,0.571264028
45,43,0.268771322
45,44,0.512315715
45,55,1.836830507
45,60,1.749056928
45,96,1.208132814
45,170,0.500810356
45,175,2.702285206
45,180,0.850584407
45,226,1.519847275
45,253,0.687171095
45,254,0.767168816
45,270,2.512078335
45,272,0.849230164
45,273,2.103855599
46,55,1.682894778
46,60,2.069162442
46,103,1.283108004
46,144,1.464278012
46,147,1.462492187
46,148,1.902953453
46,174,0.8709741
46,175,0.874400075
46,208,1.651017567
46,230,0.443193093
46,244,1.743032595
46,270,1.204886286
46,288,1.207249965
47,10,1.225107368
47,14,2.656787494
47,19,2.515481702
47,21,1.757436223
47,22,1.827608443
47,23,1.904180881
47,52,0.677105209
47,53,1.147837007
47,61,1.027404563
47,62,1.67812343
47,106,2.211866341
47,138,4.130926666
47,208,1.542786648
47,273,0.467108414
47,280,1.183840384
47,287,14.0181144
48,54,0.735813974
48,58,0.500458689
48,111,1.022409319
48,146,1.948264399
48,206,1.361867543
48,207,0.23872067
49,35,0.568977017
49,36,1.557484009
49,192,0.75382039
49,205,4.409514473
49,276,0.376034322
50,72,0.778127561
50,97,1.703063823
50,99,2.228269004
50,100,2.576492003
50,101,2.379663904
50,123,0.494828145
50,222,0.192882708
50,223,0.313580328
50,237,0.534323406
51,11,2.954149373
51,14,2.538667836
51,23,2.060754685
51,38,2.051215855
51,43,1.565843244
51,44,1.114982306
51,52,0.797137298
51,53,0.87665287
51,60,1.358513693
51,95,0.725013808
51,96,0.381277053
51,106,2.221174208
51,110,5.424335063554284
51,129,1.791879221
51,131,1.864923218
51,138,3.711814772
51,173,0.908076784
51,180,1.960170187
51,212,2.398317185
51,271,1.574535572
51,272,0.776281673
51,273,0.988267833
52,10,1.242513389
52,14,1.981762518
52,19,2.107941965
52,21,1.25089001
52,22,1.68473285
52,23,1.288079552
52,47,0.677105209
52,51,0.797137298
52,53,0.628104952
52,62,1.537944873
52,75,1.124775962
52,95,1.273467145
52,96,1.162645039
52,106,1.541481332
52,121,1.128605366
52,173,1.247902476
52,273,1.110676431
52,280,0.632655445
53,0,2.04675132
53,8,2.52863352
53,10,1.854857836
53,14,1.666959238
53,19,2.457100656
53,21,1.56297631
53,22,2.232359038
53,23,1.403717671
53,47,1.147837007
53,51,0.87665287
53,52,0.628104952
53,75,1.752040729
53,95,0.923960301
53,96,1.099416022
53,106,1.414633953
53,121,1.738102263
53,129,1.036430921
53,131,1.076638902
53,172,2.110860135
53,173,0.756083881
53,212,1.964863736
54,48,0.735813974
54,58,1.236124369
54,85,1.641873349
54,111,0.286651032
54,146,1.438595418
54,206,0.626733668
54,207,0.497260983
55,38,1.643465566
55,40,3.350824639
55,43,1.568687992
55,45,1.836830507
55,46,1.682894778
55,60,1.004205704
55,103,2.399916986
55,144,3.063728053
55,147,1.340348498
55,170,1.805992663
55,174,1.189425489
55,175,0.865599722
55,180,1.112242289
55,208,1.641584034
55,226,0.480857641
55,230,2.083795985
55,249,2.629798098
55,250,2.617091625
55,253,2.486394795
55,261,2.064549543
55,270,0.724842489
55,288,2.322824712
56,83,0.793474759
56,84,0.708120428
56,97,1.462433756
56,99,1.279887177
56,100,1.119818451
56,101,0.871635306
56,104,0.323009081
56,210,0.532981381
56,211,0.724803794
56,237,2.053468082
56,269,1.54841344
57,102,0.942027156
57,127,1.951847093
57,278,4.161777864
57,295,3.196533726
58,7,0.423698631
58,20,1.00255165
58,48,0.500458689
58,54,1.236124369
58,111,1.522762666
58,146,2.355858135
58,206,1.861651767
58,207,0.738865076
59,91,1.833028169
59,92,1.779189288
59,93,1.669462612
59,255,1.801875247
60,38,1.877222913
60,43,1.53983585
60,44,1.305283631
60,45,1.749056928
60,46,2.069162442
60,51,1.358513693
60,55,1.004205704
60,61,0.432557575
60,144,3.142840482
60,147,0.879238732
60,148,1.541523763
60,170,1.984567844
60,174,1.96388079
60,175,1.554705362
60,180,1.457804266
60,230,2.512342612
60,253,2.428524697
60,272,1.144571562
60,288,2.148884092
60,295,4.90209538
61,38,2.301974998
61,43,1.943304044
61,47,1.027404563
61,60,0.432557575
61,94,0.71563912
61,121,0.905314403
61,125,0.752203987
61,147,0.618991236
61,180,1.890331283
61,208,0.683977509
61,209,0.532684221
61,272,1.441466996
61,273,0.579800077
62,0,3.197823717
62,10,0.506719428
62,14,2.620635016
62,19,1.097028046
62,21,0.973416087
62,22,0.151258216
62,23,1.430665364
62,47,1.67812343
62,52,1.537944873
62,75,0.923373995
62,106,1.990141154
62,129,2.931183232
62,131,2.9038987
62,172,3.478964812
62,217,2.706992502
62,273,1.704511313
62,280,1.124448358
63,0,1.365132551
63,8,1.220262689
63,9,1.327413779
63,12,0.909423605
63,13,1.05824965
63,18,0.693726636
63,64,0.451420476
63,134,0.481566355
63,172,1.352777091
63,189,3.264382829
64,8,0.866403175
64,18,1.122530791
64,63,0.451420476
64,134,0.398674996
65,87,1.500491548
65,116,0.57492422
66,27,1.519288066
66,28,1.252396892
66,29,1.100700575
66,30,1.066038168
66,67,0.481011684
66,68,2.55135053
66,113,1.119915475
66,114,1.541689539
66,115,1.130059964
66,124,2.837225347
66,126,2.160838464
66,136,1.88570955
66,159,0.341779732
66,182,2.220299733
66,185,2.064291968
66,190,1.591537765
66,194,0.186000937
66,195,0.529150146
66,196,0.31207373
66,199,2.277456864
66,200,2.018120851
66,204,1.046192448
66,225,1.735247247
66,234,1.441738639
66,279,0.765643026
66,293,0.465017087
66,296,0.600956636
67,28,1.591225089
67,29,1.493019049
67,30,1.422382349
67,66,0.481011684
67,114,1.429302816
67,126,2.311186762
67,190,1.126588142
67,195,0.680766255
67,196,0.465043538
67,197,0.448495185
67,220,0.722964583
67,222,0.864376743
67,224,1.753535914
67,225,2.039292323
67,263,1.349826511
67,293,0.322623402
68,4,1.508731234
68,11,1.077845197
68,27,1.163248768
68,28,1.307354611
68,29,1.517417898
68,30,1.499068326
68,40,1.477707659
68,66,2.55135053
68,105,1.33457544
68,122,1.996199098
68,124,0.369820135
68,126,0.919748845
68,154,1.061149504
68,155,1.262932007
68,156,0.822343905
68,157,0.918377054
68,190,3.44263303
68,195,2.159622676
68,199,0.552478382
68,200,0.97218105
68,220,3.321183769
68,224,3.397953935
68,225,0.816414283
68,249,2.047063595
68,251,1.557246887
68,262,2.564821661
68,263,3.403741847
68,283,1.628746532
68,286,1.954835121
69,77,1.490798728
69,264,1.613756795
69,265,2.007218006
69,268,0.945159123
69,281,0.862414694
70,71,0.290575163
70,235,0.494231237
71,70,0.290575163
71,228,0.604805259
72,50,0.778127561
72,83,0.265007924
72,84,0.342120302
72,97,1.326565669
72,99,1.653103798
72,100,1.878873476
72,101,1.661129741
72,222,0.943653398
72,223,0.850204182
72,237,1.06848187
73,74,0.487085286
73,107,1.040094541
73,179,0.619178003
73,297,0.926206208
73,298,2.026966456
74,73,0.487085286
74,177,2.227642048
74,297,0.686904527
75,10,0.416673636
75,14,2.859346996
75,19,1.959076918
75,21,1.462298328
75,22,1.05477809
75,23,1.805478762
75,52,1.124775962
75,53,1.752040729
75,62,0.923373995
75,106,2.285106692
75,117,0.754113113
75,121,0.26920224
75,125,0.542193203
75,143,0.664608009
75,245,1.00315837
75,246,1.663451023
75,280,1.150550768
76,18,2.431557799
76,158,2.86622919
76,160,2.761711832
76,239,1.051283725
76,240,1.230998339
76,241,1.007740978
76,284,2.293820592
76,285,2.076363999
77,69,1.490798728
77,264,1.376048318
77,266,0.89355067
77,267,0.490310873
77,268,0.570627773
77,281,0.818834313
78,26,0.971324572
78,37,1.584960484
78,79,0.39540138
78,80,1.780140565
78,81,0.724087304
79,26,0.81823177
79,78,0.39540138
79,81,1.034412118
80,26,2.750770137
80,37,3.322679145
80,78,1.780140565
80,81,1.080140279
81,26,1.690552626
81,37,2.242750024
81,78,0.724087304
81,79,1.034412118
81,80,1.080140279
82,204,0.468938469
82,300,0.27131968
83,39,0.259928987
83,56,0.793474759
83,72,0.265007924
83,84,0.101233438
83,223,1.080115691
84,56,0.708120428
84,72,0.342120302
84,83,0.101233438
84,97,1.280446852
84,99,1.460307338
84,100,1.595419383
84,101,1.365604123
84,104,4.207405605239905
84,211,1.388322303
84,237,1.378603955
84,269,2.215565913
85,54,1.641873349
85,111,1.460586126
85,146,0.347513947
85,206,1.246876283
85,207,2.017731478
85,217,7.687902877
86,112,4.153887406
86,158,0.581110729
86,160,0.677881387
86,178,1.883765748
86,284,1.325338724
86,285,1.576887008
86,287,4.05351577
87,1,1.831037598
87,65,1.500491548
87,167,1.74860617
87,193,0.482012537
88,162,0.188655175
88,164,0.287758407
88,165,0.182105824
89,13,2.702626506
89,15,2.473020528
89,17,1.9551759
89,31,1.147671122
89,32,0.942797298
89,33,1.922940094
89,90,0.549255114
89,110,1.107401511
89,113,1.831372398
89,114,1.586918179
89,115,1.624907908
89,132,0.379104618
89,133,1.90368106
89,136,2.214854332
89,159,2.427182264
89,182,1.022288285
89,183,0.65857302
89,184,1.332424393
89,185,1.782969393
89,219,0.926760472
89,234,1.416595694
89,240,1.274262253
89,256,1.149444373
89,279,2.026883121
89,291,1.85215758
89,293,2.527380054
89,296,2.180887764
90,13,2.160594577
90,15,1.924214204
90,17,1.406470484
90,32,0.907141318
90,89,0.549255114
90,110,0.744865571
90,113,1.606977148
90,115,1.551909519
90,136,1.767454906
90,182,1.399154425
90,183,1.159196982
90,184,0.945498634
90,185,1.308607056
90,219,0.591553403
90,234,1.221251239
90,240,1.023704184
90,256,0.900499242
90,279,1.892737743
90,284,3.205905263
90,285,2.955046455
90,296,2.056613517
91,59,1.833028169
91,92,0.39684571
91,93,0.272646662
91,255,0.751810141
92,59,1.779189288
92,91,0.39684571
92,93,0.598272783
92,217,3.129844667
92,255,0.354972446
92,274,2.984748179
93,59,1.669462612
93,91,0.272646662
93,92,0.598272783
93,255,0.936484871
93,274,3.145842125
94,61,0.71563912
94,117,0.228013289
94,125,0.287777006
94,147,0.701303544
94,148,0.493509405
94,209,0.229471623
94,273,0.854251322
95,4,1.757880402
95,11,2.257013833
95,14,2.448746831
95,23,2.325704518
95,51,0.725013808
95,52,1.273467145
95,53,0.923960301
95,96,0.538564438
95,106,2.310644623
95,122,1.318463367
95,129,1.405745859
95,130,2.359031989
95,131,1.511064984
95,136,3.309070311
95,172,2.649755126
95,173,0.331781452
95,212,1.728780763
95,218,2.564924644
95,254,1.38574494
95,271,0.922855374
95,272,0.941146498
95,282,2.123659435
95,283,2.629075649
96,11,2.640796768
96,14,2.755012789
96,23,2.394872389
96,38,1.714770858
96,43,1.232255122
96,45,1.208132814
96,51,0.381277053
96,52,1.162645039
96,53,1.099416022
96,95,0.538564438
96,106,2.50240488
96,122,1.744790537
96,129,1.856503445
96,130,2.837125073
96,131,1.948097462
96,136,3.847541066
96,170,1.694851585
96,173,0.830174252
96,180,1.688219585
96,212,2.266308955
96,271,1.460708464
96,272,0.491119358
96,273,1.242233297
96,282,2.597121025
96,283,3.114839245
97,50,1.703063823
97,56,1.462433756
97,72,1.326565669
97,84,1.280446852
97,98,0.83221634
97,99,0.701543815
97,100,1.30160253
97,101,1.246497913
97,211,1.634695665
97,237,1.497296851
97,269,2.225932452
98,97,0.83221634
98,114,0.668431767
98,133,0.513784749
98,182,0.828422255
99,50,2.228269004
99,56,1.279887177
99,72,1.653103798
99,84,1.460307338
99,97,0.701543815
99,100,0.641929294
99,101,0.67522954
99,211,1.131249422
99,237,2.12915996
99,269,1.56965932
100,50,2.576492003
100,56,1.119818451
100,72,1.878873476
100,84,1.595419383
100,97,1.30160253
100,99,0.641929294
100,101,0.248395968
100,211,0.628196657
100,237,2.588918242
100,269,0.93022027
101,50,2.379663904
101,56,0.871635306
101,72,1.661129741
101,84,1.365604123
101,97,1.246497913
101,99,0.67522954
101,100,0.248395968
101,211,0.462811501
101,237,2.428851043
101,269,1.002705981
102,57,0.942027156
102,127,1.0098529
102,295,2.254567558
103,46,1.283108004
103,55,2.399916986
103,174,1.211114241
103,175,1.58531293
103,230,1.015423593
103,270,1.684976349
103,278,1.991168565
103,295,2.675121618
104,39,0.739551134
104,56,0.323009081
104,84,4.207405605239905
104,181,1.246541713
104,210,0.670344509
104,258,0.903886639
105,27,2.256560287
105,28,2.202923019
105,30,2.370681476
105,68,1.33457544
105,124,1.029437586
105,126,1.077838554
105,154,1.035873563
105,155,0.97642529
105,156,1.154035427
105,157,0.902735439
105,199,1.870245658
105,200,2.255395277
105,224,3.179175257
105,225,1.784317456
106,0,1.209575413
106,8,1.310372699
106,9,1.758023316
106,10,2.104727127
106,12,1.83708852
106,14,0.631701726
106,19,1.634789846
106,21,1.022484016
106,22,2.059914312
106,23,0.561121242
106,47,2.211866341
106,51,2.221174208
106,52,1.541481332
106,53,1.414633953
106,62,1.990141154
106,75,2.285106692
106,95,2.310644623
106,96,2.50240488
106,121,2.434148711
106,129,1.446539928
106,131,1.35173825
106,172,1.515087198
106,173,2.064423149
106,273,2.608142464
106,280,1.142122742
107,73,1.040094541
107,179,1.145851367
107,297,0.577674781
107,298,1.06503046
108,5,0.238373185
108,6,0.461365463
108,19,1.297022812
108,109,0.999523822
108,189,0.890990611
108,217,2.259024937
108,247,0.743317212
109,5,0.765438805
109,6,1.425537874
109,19,1.408995472
109,21,2.252488324
109,108,0.999523822
109,189,1.838522673
109,217,1.336060542
109,247,0.264234075
110,12,2.334001986
110,13,1.809191516
110,15,1.687005052
110,17,1.220128805
110,18,2.097994276
110,31,1.271726699
110,32,0.59240628
110,33,2.324363199
110,51,5.424335063554284
110,89,1.107401511
110,90,0.744865571
110,132,1.428639383
110,136,2.071662777
110,172,2.685405425
110,178,6.403173291553402
110,183,1.764915476
110,184,1.461505791
110,185,1.603842054
110,219,1.234000917
110,234,1.875510461
110,240,0.339759748
110,256,1.551634695
111,48,1.022409319
111,54,0.286651032
111,58,1.522762666
111,85,1.460586126
111,146,1.306210438
111,206,0.342058053
111,207,0.783905528
112,86,4.153887406
112,176,2.089569182
112,178,3.3587416542688873
112,216,0.887833176
112,287,0.712606833
113,17,1.894413607
113,28,1.932271933
113,29,1.681410212
113,30,1.753519308
113,66,1.119915475
113,89,1.831372398
113,90,1.606977148
113,114,1.304498527
113,115,0.491255893
113,133,1.554701918
113,136,1.004789253
113,159,0.787414882
113,182,1.681697916
113,183,1.940490973
113,184,0.770992651
113,185,1.006006606
113,194,0.961093477
113,195,1.605763097
113,196,1.426975818
113,204,1.399943301
113,219,1.016849257
113,234,0.41508873
113,256,0.709785638
113,279,0.400922469
113,291,0.683201115
113,292,0.788298626
113,296,0.545079755
114,66,1.541689539
114,67,1.429302816
114,89,1.586918179
114,98,0.668431767
114,113,1.304498527
114,115,0.813242694
114,123,0.956385217
114,133,0.35115916
114,159,1.321567895
114,182,0.731580675
114,183,1.217538817
114,234,1.126039468
114,256,1.26099535
114,291,0.727314486
114,293,1.150770694
114,296,1.188851569
115,28,2.194942031
115,29,1.966455896
115,30,2.005379534
115,66,1.130059964
115,89,1.624907908
115,90,1.551909519
115,113,0.491255893
115,114,0.813242694
115,123,1.261945005
115,133,1.074094142
115,159,0.802779556
115,182,1.25115548
115,183,1.583245605
115,184,0.967704064
115,185,1.370210376
115,195,1.658713118
115,196,1.435265897
115,219,1.021574097
115,234,0.430734572
115,256,0.716680814
115,279,0.425682939
115,291,0.300970815
115,293,0.972290984
115,296,0.563718551
116,65,0.57492422
117,10,1.006321128
117,19,2.515308421
117,22,1.498082932
117,75,0.754113113
117,94,0.228013289
117,121,0.68117695
117,125,0.330364764
117,143,0.523690213
117,148,0.417336584
117,245,0.650010734
117,246,1.122047085
118,25,3.009255925
118,119,0.336447821
118,145,1.66744501
118,149,1.921119482
118,229,1.747682484
118,231,1.392079753
118,232,0.905048137
118,233,1.63676685
119,25,3.135934317
119,118,0.336447821
119,145,1.599061853
119,149,1.808368482
119,229,1.894488428
119,231,1.174877815
119,232,0.58204395
119,233,1.451923118
120,145,0.284810262
121,10,0.685872152
121,14,2.982894697
121,19,2.220560359
121,21,1.677374971
121,22,1.323116618
121,23,1.986183165
121,52,1.128605366
121,53,1.738102263
121,61,0.905314403
121,75,0.26920224
121,106,2.434148711
121,117,0.68117695
121,125,0.383450951
121,143,0.78615778
121,147,1.258958897
121,209,0.787285097
121,245,1.101883505
121,246,1.722848389
121,273,0.541518345
121,280,1.292222649
122,2,0.829796566
122,3,0.511434528
122,4,0.648486622
122,11,0.949772666
122,40,1.917610685
122,44,1.827524864
122,68,1.996199098
122,95,1.318463367
122,96,1.744790537
122,124,2.256172625
122,154,2.574446892
122,155,2.799135473
122,156,2.30523852
122,173,1.304491653
122,218,1.7167281
122,251,1.176508256
122,254,1.012584273
122,271,0.981210281
122,272,1.8945046
122,282,0.88468397
122,283,1.41314541
123,50,0.494828145
123,114,0.956385217
123,115,1.261945005
123,133,0.721617272
123,159,1.112580139
123,237,0.273741552
123,291,0.972045165
123,293,0.649717535
124,4,1.707929229
124,11,1.383285718
124,27,1.513799696
124,28,1.616837158
124,29,1.84446907
124,30,1.808370551
124,38,3.024488884
124,40,1.369497849
124,66,2.837225347
124,68,0.369820135
124,105,1.029437586
124,122,2.256172625
124,126,0.948411429
124,154,0.724830578
124,155,0.909468389
124,156,0.532723155
124,157,0.563735018
124,170,2.862116365
124,190,3.599568671
124,195,2.411210495
124,199,0.916784766
124,200,1.340946953
124,220,3.519548955
124,224,3.473959732
124,225,1.123183067
124,249,2.037803268
124,251,1.631246825
124,262,2.434904507
124,263,3.530298616
124,286,1.810216246
125,10,0.897314877
125,19,2.45587637
125,21,2.004399672
125,22,1.481592802
125,61,0.752203987
125,75,0.542193203
125,94,0.287777006
125,117,0.330364764
125,121,0.383450951
125,143,0.661822032
125,147,0.934536702
125,209,0.44232253
125,245,0.900309523
125,246,1.441644879
125,280,1.664408026
126,27,1.29303205
126,28,1.157274323
126,29,1.420382169
126,30,1.310762099
126,66,2.160838464
126,67,2.311186762
126,68,0.919748845
126,105,1.077838554
126,124,0.948411429
126,154,1.552728606
126,155,1.655424511
126,156,1.449542669
126,157,1.363566924
126,190,2.679445702
126,194,2.21728342
126,195,1.664349533
126,197,1.862920769
126,199,1.222994489
126,200,1.471820248
126,204,1.75656634
126,220,2.642904065
126,224,2.525701891
126,225,0.825341206
126,263,2.59185871
126,283,2.024581693
126,286,2.758253122
127,57,1.951847093
127,102,1.0098529
127,230,3.742852457
127,295,1.244718025
128,12,0.979002431
128,13,0.913434922
128,15,0.864908509
128,16,0.60278319
128,129,1.099636392
128,130,0.237151118
128,131,1.054038642
128,136,1.551506039
128,138,0.867197302
128,139,1.10009816
128,172,0.736610537
128,173,2.084474774
128,185,1.669171321
128,203,2.527158167
128,212,1.221184562
128,218,1.36243107
128,271,1.58223078
128,283,2.245588162
128,290,1.677153221
129,0,1.339337392
129,8,2.014156789
129,10,2.796547399
129,13,1.926371713
129,14,1.253551611
129,15,1.956452504
129,21,2.152983306
129,22,3.051556606
129,23,1.793361187
129,51,1.791879221
129,53,1.036430921
129,62,2.931183232
129,95,1.405745859
129,96,1.856503445
129,106,1.446539928
129,128,1.099636392
129,130,0.990685478
129,131,0.124079155
129,136,2.406627809
129,138,1.954458498
129,139,2.142962197421205
129,172,1.245437199
129,173,1.074468173
129,185,2.65312114
129,218,1.874896031
129,271,0.839199248
129,273,2.6433585440466056
129,280,1.80853492
130,12,0.855003841
130,13,0.940051729
130,15,0.980489576
130,16,0.764538873
130,95,2.359031989
130,96,2.837125073
130,128,0.237151118
130,129,0.990685478
130,131,0.922882703
130,136,1.787284786
130,138,1.050646362
130,139,1.309231124
130,172,0.533368544
130,173,2.02917939
130,185,1.889714454
130,212,1.349137163
130,218,1.581503291
130,271,1.588323253
130,283,2.44096856
130,290,1.912450023
131,0,1.218611911
131,8,1.890151503
131,10,2.790419956
131,12,1.594109195
131,13,1.849168556
131,14,1.132865598
131,16,1.655932458
131,21,2.099059101
131,22,3.020462584
131,23,1.723915355
131,51,1.864923218
131,53,1.076638902
131,62,2.9038987
131,95,1.511064984
131,96,1.948097462
131,106,1.35173825
131,128,1.054038642
131,129,0.124079155
131,130,0.922882703
131,172,1.139040668
131,173,1.181126786
131,212,1.266995018
131,218,1.923494208
131,271,0.962694455
131,280,1.786208014
132,13,3.078166543
132,15,2.851898087
132,17,2.334033373
132,32,1.133723646
132,33,1.685076804
132,89,0.379104618
132,110,1.428639383
132,158,3.204946641
132,160,3.283346499
132,183,0.397445762
132,240,1.540116729
132,284,2.443321463
132,285,2.206138761
133,89,1.90368106
133,98,0.513784749
133,113,1.554701918
133,114,0.35115916
133,115,1.074094142
133,123,0.721617272
133,159,1.398826473
133,171,0.418224128
133,182,0.963585886
133,183,1.464959474
133,234,1.436067547
133,237,0.509510671
133,256,1.599134713
133,291,0.903032034
133,293,1.106779326
133,296,1.326900386
134,15,0.934144863
134,63,0.481566355
134,64,0.398674996
135,136,0.066292156
135,137,0.039321056
135,139,0.656519806
135,289,0.48874859
136,13,1.720367349
136,15,1.359687504
136,16,1.233910552
136,17,1.219511605
136,28,2.134388363
136,29,1.877089945
136,30,2.012075321
136,32,2.557662425
136,66,1.88570955
136,89,2.214854332
136,90,1.767454906
136,95,3.309070311
136,96,3.847541066
136,110,2.071662777
136,113,1.004789253
136,128,1.551506039
136,129,2.406627809
136,130,1.787284786
136,135,0.066292156
136,137,0.101899405
136,139,0.711457473
136,159,1.626009143
136,173,3.051279237
136,182,2.469274397
136,183,2.573778657
136,184,0.89493053
136,185,0.473879816
136,195,2.237471195
136,196,2.141767183
136,203,1.358512852
136,204,1.537431275
136,212,1.584977619
136,218,0.799187402
136,219,1.297166489
136,225,2.499785
136,234,1.154477173
136,240,2.40231798
136,271,2.390808575
136,279,1.360611778
136,290,0.420208176
136,296,1.455909917
137,135,0.039321056
137,136,0.101899405
137,185,0.37497491
137,292,0.478033155
138,12,1.233310697
138,13,0.70923814
138,15,0.351735733
138,16,0.296864712
138,17,0.51796693
138,47,4.130926666
138,51,3.711814772
138,128,0.867197302
138,129,1.954458498
138,130,1.050646362
138,139,0.322779955
138,172,1.316440585
138,203,2.300036245
138,212,1.681169129
138,218,1.318670567
138,271,2.293138867
138,283,2.266280962
138,284,4.948651905
138,287,10.055906128524772
139,13,1.019573645
139,15,0.655719399
139,16,0.600470454
139,17,0.574568893
139,128,1.10009816
139,129,2.142962197421205
139,130,1.309231124
139,135,0.656519806
139,136,0.711457473
139,138,0.322779955
139,172,1.624931263
139,178,7.954998653372592
139,185,0.598908677
139,203,2.041403195
139,212,1.683625335
139,218,1.165711612
139,271,2.376385296
139,283,2.081422189
139,284,4.82826405
139,289,1.138429437
139,290,1.066918969
140,24,0.845238533
140,25,0.436659593
140,178,0.976629297
140,277,0.303642845
141,24,0.443884448
141,25,0.544294198
141,37,3.698246882
141,176,2.464201662
141,229,0.826601266
142,39,2.35061327
142,181,1.387639188
142,202,1.15582439
142,238,0.445810941
142,248,1.038982088
142,294,0.216779842
143,10,0.671547435
143,19,2.044276059
143,22,1.014223271
143,75,0.664608009
143,117,0.523690213
143,121,0.78615778
143,125,0.661822032
143,144,2.835425127
143,148,0.759073047
143,243,1.668533485
143,244,1.037350822
143,245,0.34021894
143,246,1.011253347
143,274,1.52553925
144,46,1.464278012
144,55,3.063728053
144,60,3.142840482
144,143,2.835425127
144,148,2.174876572
144,174,2.315143974
144,175,2.326945372
144,242,1.4679525
144,243,1.167943973
144,244,1.815493688
144,245,2.575975674
144,246,2.033106258
144,278,0.968681651
144,288,1.105387308
145,118,1.66744501
145,119,1.599061853
145,120,0.284810262
145,231,0.793535065
145,232,1.439543059
145,233,0.601332289
146,48,1.948264399
146,54,1.438595418
146,58,2.355858135
146,85,0.347513947
146,111,1.306210438
146,206,1.166438191
146,207,1.760640975
147,46,1.462492187
147,55,1.340348498
147,60,0.879238732
147,61,0.618991236
147,94,0.701303544
147,121,1.258958897
147,125,0.934536702
147,148,0.830198726
147,174,1.727036931
147,175,1.342309084
147,208,0.311315825
147,209,0.493220851
147,244,1.008845815
147,273,1.142406489
147,288,1.27249956
148,22,1.772176094
148,46,1.902953453
148,60,1.541523763
148,94,0.493509405
148,117,0.417336584
148,143,0.759073047
148,144,2.174876572
148,147,0.830198726
148,174,2.418033579
148,208,0.532459914
148,209,0.601418741
148,242,0.768873969
148,243,1.024378665
148,244,0.383438047
148,245,0.679405699
148,246,0.863376259
148,274,1.683639801
148,288,1.07946986
149,25,2.090044846
149,118,1.921119482
149,119,1.808368482
149,150,1.367526878
149,151,1.664274358
149,152,1.105562521
149,178,2.780412041
149,187,1.518176495
149,188,0.802638721
149,229,1.424441203
149,231,2.729095122
149,232,1.954463877
149,233,3.040695048
150,149,1.367526878
150,151,0.344157358
150,152,0.276685516
150,178,1.41785322
151,149,1.664274358
151,150,0.344157358
151,152,0.61402839
151,178,1.122340265
151,277,0.515636075
152,149,1.105562521
152,150,0.276685516
152,151,0.61402839
152,178,1.691043964
153,181,0.593969905
153,201,0.675926116
153,224,0.938024147
153,227,0.349255812
153,263,1.074644349
154,4,1.944949303
154,11,1.856674872
154,27,2.224262938
154,28,2.341633145
154,40,1.062775287
154,68,1.061149504
154,105,1.035873563
154,122,2.574446892
154,124,0.724830578
154,126,1.552728606
154,155,0.2312165
154,156,0.284606659
154,157,0.189339093
154,199,1.554573415
154,200,1.984814949
154,225,1.847788764
154,249,1.835257945
154,251,1.640432649
154,262,1.971885789
154,282,2.518818524
154,286,1.363014056
155,4,2.165767582
155,11,2.087751398
155,27,2.42184822
155,28,2.51887223
155,40,1.207293648
155,68,1.262932007
155,105,0.97642529
155,122,2.799135473
155,124,0.909468389
155,126,1.655424511
155,154,0.2312165
155,156,0.515566322
155,157,0.345919223
155,199,1.772321689
155,200,2.20332314
155,225,2.027751458
155,249,1.981872767
155,251,1.836091112
155,262,2.025646223
155,282,2.748978392
155,286,1.441430646
156,4,1.684159046
156,11,1.572186732
156,27,1.980610346
156,28,2.124944622
156,29,2.339602811
156,30,2.316977171
156,38,2.664519937
156,40,0.951300806
156,68,0.822343905
156,105,1.154035427
156,122,2.30523852
156,124,0.532723155
156,126,1.449542669
156,154,0.284606659
156,155,0.515566322
156,157,0.270475285
156,170,2.512631803
156,180,3.192696982
156,195,2.941761875
156,199,1.285814899
156,200,1.713854454
156,225,1.631068969
156,226,3.856650134
156,251,1.426695262
156,262,1.959862298
156,286,1.334834923
157,4,1.947390212
157,11,1.793102719
157,27,2.075997046
157,28,2.176239488
157,30,2.367132832
157,40,1.183413247
157,68,0.918377054
157,105,0.902735439
157,124,0.563735018
157,126,1.363566924
157,154,0.189339093
157,155,0.345919223
157,156,0.270475285
157,195,2.939452269
157,199,1.436615085
157,200,1.867598241
157,225,1.684041096
157,249,1.945143252
157,251,1.696240833
157,252,1.413674493
157,262,2.137219225
157,286,1.520975066
158,32,3.380925435
158,76,2.86622919
158,86,0.581110729
158,132,3.204946641
158,160,0.283804659
158,161,0.754650777
158,163,1.54028624
158,166,1.796835081
158,167,2.12780991
158,284,0.762164316
158,285,1.00760138
159,28,1.454316561
159,29,1.257321154
159,30,1.262319939
159,66,0.341779732
159,89,2.427182264
159,113,0.787414882
159,114,1.321567895
159,115,0.802779556
159,123,1.112580139
159,133,1.398826473
159,136,1.626009143
159,182,1.955675071
159,183,2.349831176
159,184,1.553977053
159,185,1.758348872
159,194,0.232320238
159,195,0.861758144
159,196,0.653848583
159,204,1.109790707
159,219,1.745025698
159,234,1.099988835
159,256,1.425450116
159,279,0.423882669
159,291,0.635908636
159,293,0.487936497
159,296,0.259205152
160,32,3.363236949
160,76,2.761711832
160,86,0.677881387
160,132,3.283346499
160,158,0.283804659
160,161,0.483037668
160,163,1.279325707
160,166,1.524204081
160,167,1.861502791
160,284,0.86567506
160,285,1.081121371
161,31,2.556435408
161,33,1.614675717
161,158,0.754650777
161,160,0.483037668
161,162,0.508530676
161,163,0.798502123
161,164,0.386171609
161,166,1.042595423
161,167,1.378488712
161,169,0.613452559
161,284,1.057000495
161,285,1.193552208
162,1,0.867544341
162,88,0.188655175
162,161,0.508530676
162,164,0.123403333
162,169,0.135990647
163,33,1.747453226
163,158,1.54028624
163,160,1.279325707
163,161,0.798502123
163,166,0.312564027
163,167,0.591311942
163,168,0.20476054
163,284,1.605062112
163,285,1.6296626
164,88,0.287758407
164,161,0.386171609
164,162,0.123403333
164,168,0.325717092
165,1,0.68062514
165,88,0.182105824
165,166,0.549449511
166,33,2.040727551
166,158,1.796835081
166,160,1.524204081
166,161,1.042595423
166,163,0.312564027
166,165,0.549449511
166,167,0.358494187
166,168,0.443664348
166,169,0.48051957
166,284,1.913582149
166,285,1.942178314
167,1,0.348695201
167,87,1.74860617
167,158,2.12780991
167,160,1.861502791
167,161,1.378488712
167,163,0.591311942
167,166,0.358494187
167,193,1.272548798
167,259,0.771884872
168,163,0.20476054
168,164,0.325717092
168,166,0.443664348
169,161,0.613452559
169,162,0.135990647
169,166,0.48051957
170,2,1.552609223
170,11,2.380108128
170,38,0.173542225
170,40,1.569961265
170,43,0.503334082
170,45,0.500810356
170,55,1.805992663
170,60,1.984567844
170,96,1.694851585
170,124,2.862116365
170,156,2.512631803
170,175,2.645760472
170,180,0.695798319
170,226,1.395075951
170,249,0.824725797
170,250,0.828976102
170,251,1.33314766
170,252,1.368926665
170,253,0.770027127
170,261,0.861921833
170,262,1.049649533
170,270,2.401337253
170,272,1.291029796
170,286,1.366983859
171,133,0.418224128
171,182,0.545361764
172,0,0.387521505
172,8,1.076902597
172,9,1.684353265
172,10,3.515038825
172,12,0.45824832
172,13,0.877772304
172,14,0.900020706
172,15,1.102675698
172,16,1.024858939
172,17,1.614475617
172,19,3.10549501
172,21,2.528427086
172,22,3.560714934
172,23,2.069408294
172,53,2.110860135
172,62,3.478964812
172,63,1.352777091
172,95,2.649755126
172,106,1.515087198
172,110,2.685405425
172,128,0.736610537
172,129,1.245437199
172,130,0.533368544
172,131,1.139040668
172,138,1.316440585
172,139,1.624931263
172,173,2.319158372
172,240,2.831372894
172,271,1.989683213
172,280,2.480075799
173,0,2.378816696
173,4,1.835751878
173,11,2.253529326
173,13,2.968067318
173,14,2.150866894
173,23,2.143232832
173,51,0.908076784
173,52,1.247902476
173,53,0.756083881
173,95,0.331781452
173,96,0.830174252
173,106,2.064423149
173,122,1.304491653
173,128,2.084474774
173,129,1.074468173
173,130,2.02917939
173,131,1.181126786
173,136,3.051279237
173,172,2.319158372
173,212,1.490340933
173,218,2.332853626
173,254,1.596158091
173,271,0.666473082
173,272,1.266401747
173,280,1.758240912
173,282,2.021606834
173,283,2.501618883
174,46,0.8709741
174,55,1.189425489
174,60,1.96388079
174,103,1.211114241
174,144,2.315143974
174,147,1.727036931
174,148,2.418033579
174,175,0.413837204
174,208,2.009029581
174,230,1.102076556
174,270,0.488103849
175,38,2.477754089
175,40,4.158657038
175,43,2.433983483
175,45,2.702285206
175,46,0.874400075
175,55,0.865599722
175,60,1.554705362
175,103,1.58531293
175,144,2.326945372
175,147,1.342309084
175,170,2.645760472
175,174,0.413837204
175,180,1.950569111
175,208,1.636055076
175,226,1.256241825
175,230,1.236341482
175,249,3.46312638
175,250,3.467157909
175,253,3.346805933
175,261,2.771829421
175,270,0.356161314
175,288,1.814267514
176,26,3.031515614
176,37,2.28962634
176,112,2.089569182
176,141,2.464201662
176,216,2.503781503
176,287,1.600839846
177,74,2.227642048
177,179,1.833846803
177,275,2.500004683
177,299,0.568635095
178,86,1.883765748
178,110,6.403173291553402
178,112,3.3587416542688873
178,139,7.954998653372592
178,140,0.976629297
178,149,2.780412041
178,150,1.41785322
178,151,1.122340265
178,152,1.691043964
178,265,11.402219703376161
178,277,0.79151587
179,73,0.619178003
179,107,1.145851367
179,177,1.833846803
179,297,1.325707707
179,298,1.877698252
180,38,0.531232565
180,40,2.243401824
180,43,0.605311332
180,45,0.850584407
180,51,1.960170187
180,55,1.112242289
180,60,1.457804266
180,61,1.890331283
180,96,1.688219585
180,156,3.192696982
180,170,0.695798319
180,175,1.950569111
180,226,0.705814124
180,249,1.517932326
180,250,1.517887163
180,252,2.060265036
180,253,1.416863131
180,261,1.119955206
180,262,1.513650545
180,270,1.714918925
180,272,1.200763889
180,273,2.093365432
180,286,1.977224031
181,39,1.227277306
181,104,1.246541713
181,142,1.387639188
181,153,0.593969905
181,201,0.33233178
181,210,1.796851097
181,238,1.820631263
181,258,1.759280339
181,294,1.506576207
182,17,2.677312758
182,66,2.220299733
182,89,1.022288285
182,90,1.399154425
182,98,0.828422255
182,113,1.681697916
182,114,0.731580675
182,115,1.25115548
182,133,0.963585886
182,136,2.469274397
182,159,1.955675071
182,171,0.545361764
182,183,0.501381979
182,184,1.634715819
182,185,2.167649521
182,219,1.327712683
182,234,1.345549233
182,256,1.295478786
182,291,1.32044593
182,293,1.865571469
182,296,1.768937959
183,13,3.313342129
183,15,3.057727601
183,17,2.544255797
183,31,1.483081302
183,33,1.915047973
183,89,0.65857302
183,90,1.159196982
183,110,1.764915476
183,113,1.940490973
183,114,1.217538817
183,115,1.583245605
183,132,0.397445762
183,133,1.464959474
183,136,2.573778657
183,159,2.349831176
183,182,0.501381979
183,184,1.686014306
183,185,2.202009882
183,219,1.307766071
183,234,1.55070906
183,240,1.9104711
183,256,1.395047001
183,291,1.718873175
183,293,2.319951205
183,296,2.136896872
184,13,1.982951899
184,15,1.645035904
184,17,1.227242099
184,28,2.607388135
184,29,2.346189533
184,30,2.442765312
184,31,2.342733989
184,32,1.823816339
184,89,1.332424393
184,90,0.945498634
184,110,1.461505791
184,113,0.770992651
184,115,0.967704064
184,136,0.89493053
184,159,1.553977053
184,182,1.634715819
184,183,1.686014306
184,185,0.532960926
184,194,1.731933075
184,195,2.37465141
184,196,2.197841526
184,204,2.028810142
184,219,0.406281519
184,234,0.5370585
184,240,1.798997699
184,256,0.351087451
184,279,1.14393923
184,296,1.302543467
185,13,1.572552854
185,15,1.213972629
185,16,1.199286331
185,17,0.908684197
185,28,2.521397124
185,29,2.259053149
185,30,2.381353991
185,31,2.679485911
185,32,2.083795307
185,66,2.064291968
185,89,1.782969393
185,90,1.308607056
185,110,1.603842054
185,113,1.006006606
185,115,1.370210376
185,128,1.669171321
185,129,2.65312114
185,130,1.889714454
185,136,0.473879816
185,137,0.37497491
185,139,0.598908677
185,159,1.758348872
185,182,2.167649521
185,183,2.202009882
185,184,0.532960926
185,194,1.885901098
185,195,2.486370664
185,196,2.351399981
185,204,1.921647236
185,218,1.249933523
185,219,0.89575661
185,234,0.970785033
185,240,1.937506255
185,296,1.539278811
186,275,3.317161906
187,149,1.518176495
187,188,0.715604963
187,229,2.46182847
187,232,0.881227964
188,149,0.802638721
188,187,0.715604963
188,229,1.898613938
188,232,1.284061959
189,5,1.091874035
189,6,0.429632496
189,9,1.939644076
189,18,3.447731995
189,63,3.264382829
189,108,0.890990611
189,109,1.838522673
189,247,1.602652535
190,28,2.405236304
190,29,2.404015397
190,30,2.285786056
190,66,1.591537765
190,67,1.126588142
190,68,3.44263303
190,124,3.599568671
190,126,2.679445702
190,195,1.515578644
190,197,1.245722112
190,204,2.510767896
190,220,0.454714652
190,221,0.259844875
190,224,0.806978364
190,225,2.740470095
190,263,0.315413333
191,228,0.89741838
191,257,0.751633128
192,34,0.638812154
192,49,0.75382039
192,210,0.641423092
192,211,0.641079256
192,269,0.666337228
192,276,1.122632886
193,1,1.350035355
193,87,0.482012537
193,167,1.272548798
193,260,0.288410558
194,28,1.234284942
194,66,0.186000937
194,113,0.961093477
194,126,2.21728342
194,159,0.232320238
194,184,1.731933075
194,185,1.885901098
194,195,0.649423635
194,196,0.469441265
194,200,1.944590053
194,203,1.038139151
194,204,0.942160389
194,219,1.949350152
194,279,0.635599712
194,293,0.563276769
194,296,0.475014618
195,4,3.093255841
195,11,2.416231384
195,27,1.279599572
195,28,0.936143153
195,29,0.892246714
195,30,0.787649912
195,66,0.529150146
195,67,0.680766255
195,68,2.159622676
195,113,1.605763097
195,115,1.658713118
195,124,2.411210495
195,126,1.664349533
195,136,2.237471195
195,156,2.941761875
195,157,2.939452269
195,159,0.861758144
195,184,2.37465141
195,185,2.486370664
195,190,1.515578644
195,194,0.649423635
195,196,0.246765602
195,197,0.283751491
195,199,1.975236016
195,200,1.801038163
195,204,1.009959086
195,220,1.244777899
195,224,1.889450334
195,225,1.362987638
195,234,1.955105858
195,251,3.449951724
195,263,1.625752075
195,279,1.281696849
195,283,1.816008109
195,296,1.118369886
196,11,2.575258477
196,66,0.31207373
196,67,0.465043538
196,113,1.426975818
196,115,1.435265897
196,136,2.141767183
196,159,0.653848583
196,184,2.197841526
196,185,2.351399981
196,194,0.469441265
196,195,0.246765602
196,197,0.230730742
196,204,1.080889455
196,234,1.753810492
196,263,1.593044796
196,283,1.902894065
196,296,0.913030314
197,27,1.563311247
197,67,0.448495185
197,126,1.862920769
197,190,1.245722112
197,195,0.283751491
197,196,0.230730742
197,220,0.961080434
197,223,1.31806001
197,224,1.684387543
197,225,1.633315429
197,263,1.379141339
198,4,1.007907992
198,11,0.330883279
198,27,0.805749269
198,29,1.210075139
198,30,1.297714182
198,199,0.438548935
198,200,0.284309988
199,4,1.232064967
199,11,0.635050879
199,27,0.770573872
199,28,1.043774599
199,29,1.181533981
199,30,1.217257353
199,40,1.675337454
199,66,2.277456864
199,68,0.552478382
199,105,1.870245658
199,124,0.916784766
199,126,1.222994489
199,154,1.554573415
199,155,1.772321689
199,156,1.285814899
199,157,1.436615085
199,195,1.975236016
199,198,0.438548935
199,200,0.431108277
199,224,3.480093483
199,225,0.658974409
199,251,1.485337719
199,262,2.730950472
199,263,3.406945292
199,286,2.167327679
200,4,1.292217967
200,11,0.615193251
200,27,0.521439343
200,28,0.88292601
200,29,0.927992986
200,30,1.013406524
200,40,2.015207023
200,66,2.018120851
200,68,0.97218105
200,105,2.255395277
200,124,1.340946953
200,126,1.471820248
200,154,1.984814949
200,155,2.20332314
200,156,1.713854454
200,157,1.867598241
200,194,1.944590053
200,195,1.801038163
200,198,0.284309988
200,199,0.431108277
200,204,1.02298839
200,225,0.709499387
200,251,1.686165324
200,283,0.656678438
200,286,2.50066193
201,153,0.675926116
201,181,0.33233178
201,202,0.135003012
201,224,1.590098057
201,263,1.747287793
202,142,1.15582439
202,201,0.135003012
202,238,1.549333126
202,248,2.185292043
202,294,1.221477103
203,2,2.366119947
203,4,2.185032916
203,11,1.55164171
203,16,2.449665788
203,128,2.527158167
203,136,1.358512852
203,138,2.300036245
203,139,2.041403195
203,194,1.038139151
203,204,0.208901145
203,218,1.169785971
203,251,2.662984889
203,283,0.690403868
203,290,0.975327049
203,300,0.571313994
204,28,0.600123137
204,29,0.339806166
204,30,0.479196976
204,66,1.046192448
204,82,0.468938469
204,113,1.399943301
204,126,1.75656634
204,136,1.537431275
204,159,1.109790707
204,184,2.028810142
204,185,1.921647236
204,190,2.510767896
204,194,0.942160389
204,195,1.009959086
204,196,1.080889455
204,200,1.02298839
204,203,0.208901145
204,219,2.371098937
204,220,2.188784602
204,225,1.023706953
204,234,1.814834925
204,263,2.635385521
204,279,1.318672209
204,296,1.225552486
205,49,4.409514473
205,215,0.425243794
205,269,4.812289666
205,276,4.033481404
206,48,1.361867543
206,54,0.626733668
206,58,1.861651767
206,85,1.246876283
206,111,0.342058053
206,146,1.166438191
206,207,1.123147267
207,48,0.23872067
207,54,0.497260983
207,58,0.738865076
207,85,2.017731478
207,111,0.783905528
207,146,1.760640975
207,206,1.123147267
208,46,1.651017567
208,47,1.542786648
208,55,1.641584034
208,61,0.683977509
208,147,0.311315825
208,148,0.532459914
208,174,2.009029581
208,175,1.636055076
208,209,0.284008087
208,242,1.1026561
208,243,1.260494768
208,244,0.77412636
208,288,1.20615607
209,61,0.532684221
209,94,0.229471623
209,121,0.787285097
209,125,0.44232253
209,147,0.493220851
209,148,0.601418741
209,208,0.284008087
209,273,0.818641733
210,56,0.532981381
210,104,0.670344509
210,181,1.796851097
210,192,0.641423092
210,258,0.447814459
211,34,1.279481568
211,56,0.724803794
211,84,1.388322303
211,97,1.634695665
211,99,1.131249422
211,100,0.628196657
211,101,0.462811501
211,192,0.641079256
211,237,2.630378653
211,269,0.828946494
211,276,1.677258079
212,13,2.076170815
212,15,1.892211197
212,16,1.586147802
212,51,2.398317185
212,53,1.964863736
212,95,1.728780763
212,96,2.266308955
212,128,1.221184562
212,130,1.349137163
212,131,1.266995018
212,136,1.584977619
212,138,1.681169129
212,139,1.683625335
212,173,1.490340933
212,218,0.842523285
212,271,0.823931211
212,282,0.998224056
213,214,0.408746244
213,215,0.276273497
214,213,0.408746244
215,205,0.425243794
215,213,0.276273497
216,112,0.887833176
216,176,2.503781503
216,265,8.763848747
216,287,1.533642064
216,298,2.102775513930612
217,5,2.048599841
217,6,2.714392145
217,19,2.63393939
217,21,3.363284357
217,22,2.560548198
217,62,2.706992502
217,85,7.687902877
217,92,3.129844667
217,108,2.259024937
217,109,1.336060542
217,247,1.542836445
217,255,3.024432986
217,274,1.717586233
218,4,2.134660221
218,11,1.762515606
218,13,1.937281117
218,15,1.637131727
218,16,1.381903449
218,95,2.564924644
218,122,1.7167281
218,128,1.36243107
218,129,1.874896031
218,130,1.581503291
218,131,1.923494208
218,136,0.799187402
218,138,1.318670567
218,139,1.165711612
218,173,2.332853626
218,185,1.249933523
218,203,1.169785971
218,212,0.842523285
218,254,2.72544999
218,271,1.666453646
218,272,3.4145804
218,282,1.097617726
218,283,0.9541325
218,290,0.540124115
219,13,2.157341956
219,15,1.850954393
219,17,1.37158713
219,32,1.497376358
219,89,0.926760472
219,90,0.591553403
219,110,1.234000917
219,113,1.016849257
219,115,1.021574097
219,136,1.297166489
219,159,1.745025698
219,182,1.327712683
219,183,1.307766071
219,184,0.406281519
219,185,0.89575661
219,194,1.949350152
219,204,2.371098937
219,234,0.645041313
219,240,1.554677258
219,256,0.319588045
219,279,1.321143251
220,28,2.176063364
220,29,2.131162345
220,30,2.032415779
220,39,1.400817158
220,67,0.722964583
220,68,3.321183769
220,124,3.519548955
220,126,2.642904065
220,190,0.454714652
220,195,1.244777899
220,197,0.961080434
220,204,2.188784602
220,221,0.25569724
220,222,0.29504495
220,224,1.224458692
220,225,2.56660593
220,263,0.746626115
221,39,1.1945788702077995
221,190,0.259844875
221,220,0.25569724
221,222,0.346712317
222,50,0.192882708
222,67,0.864376743
222,72,0.943653398
222,220,0.29504495
222,221,0.346712317
222,223,0.251832785
222,237,0.618332564
223,39,1.043835547
223,50,0.313580328
223,72,0.850204182
223,83,1.080115691
223,197,1.31806001
223,222,0.251832785
223,237,0.836163534
224,27,2.98882785
224,28,2.615441002
224,29,2.693333522
224,67,1.753535914
224,68,3.397953935
224,105,3.179175257
224,124,3.473959732
224,126,2.525701891
224,153,0.938024147
224,190,0.806978364
224,195,1.889450334
224,197,1.684387543
224,199,3.480093483
224,201,1.590098057
224,220,1.224458692
224,225,2.827753459
224,227,0.591546288
224,263,0.49156887
225,27,0.477028326
225,28,0.494403657
225,29,0.725859966
225,30,0.686377748
225,66,1.735247247
225,67,2.039292323
225,68,0.816414283
225,105,1.784317456
225,124,1.123183067
225,126,0.825341206
225,136,2.499785
225,154,1.847788764
225,155,2.027751458
225,156,1.631068969
225,157,1.684041096
225,190,2.740470095
225,195,1.362987638
225,197,1.633315429
225,199,0.658974409
225,200,0.709499387
225,204,1.023706953
225,220,2.56660593
225,224,2.827753459
225,263,2.748043852
226,38,1.224855305
226,40,2.905470037
226,43,1.254915031
226,45,1.519847275
226,55,0.480857641
226,156,3.856650134
226,170,1.395075951
226,175,1.256241825
226,180,0.705814124
226,249,2.207888971
226,250,2.221775401
226,252,2.74471868
226,253,2.121179579
226,261,1.58428046
226,262,2.050886996
226,270,1.009106272
226,272,1.587330849
226,286,2.590013769
227,153,0.349255812
227,224,0.591546288
228,71,0.604805259
228,191,0.89741838
229,24,1.267658328
229,25,1.263680491
229,118,1.747682484
229,119,1.894488428
229,141,0.826601266
229,149,1.424441203
229,187,2.46182847
229,188,1.898613938
229,232,2.374855195
230,46,0.443193093
230,55,2.083795985
230,60,2.512342612
230,103,1.015423593
230,127,3.742852457
230,174,1.102076556
230,175,1.236341482
230,270,1.526365368
230,278,1.601408796
230,288,1.37303862
230,295,2.51663742
231,118,1.392079753
231,119,1.174877815
231,145,0.793535065
231,149,2.729095122
231,232,0.777558056
231,233,0.311616414
232,25,3.573656433
232,118,0.905048137
232,119,0.58204395
232,145,1.439543059
232,149,1.954463877
232,187,0.881227964
232,188,1.284061959
232,229,2.374855195
232,231,0.777558056
232,233,1.088384688
233,118,1.63676685
233,119,1.451923118
233,145,0.601332289
233,149,3.040695048
233,231,0.311616414
233,232,1.088384688
234,13,2.504980466
234,15,2.158495286
234,17,1.761318162
234,28,2.344314869
234,29,2.095178648
234,30,2.163666366
234,32,2.126772396
234,66,1.441738639
234,89,1.416595694
234,90,1.221251239
234,110,1.875510461
234,113,0.41508873
234,114,1.126039468
234,115,0.430734572
234,133,1.436067547
234,136,1.154477173
234,159,1.099988835
234,182,1.345549233
234,183,1.55070906
234,184,0.5370585
234,185,0.970785033
234,195,1.955105858
234,196,1.753810492
234,204,1.814834925
234,219,0.645041313
234,240,2.199191567
234,256,0.32546129
234,279,0.676106409
234,291,0.72908972
234,293,1.370934936
234,296,0.840787004
235,70,0.494231237
236,41,0.756591325
236,257,1.141642604
237,50,0.534323406
237,56,2.053468082
237,72,1.06848187
237,84,1.378603955
237,97,1.497296851
237,99,2.12915996
237,100,2.588918242
237,101,2.428851043
237,123,0.273741552
237,133,0.509510671
237,211,2.630378653
237,222,0.618332564
237,223,0.836163534
237,269,3.410360531
237,291,1.028567413
237,293,0.875469162
238,39,2.792301685
238,142,0.445810941
238,181,1.820631263
238,202,1.549333126
238,248,0.64829939
238,294,0.328725315
239,13,2.026507093
239,17,1.72750392
239,32,0.89280108
239,76,1.051283725
239,240,0.538050674
239,241,0.457067946
240,12,2.446676794
240,13,1.969828367
240,15,1.90165173
240,17,1.475792585
240,31,1.111250778
240,32,0.477285436
240,33,2.156686415
240,76,1.230998339
240,89,1.274262253
240,90,1.023704184
240,110,0.339759748
240,132,1.540116729
240,136,2.40231798
240,172,2.831372894
240,183,1.9104711
240,184,1.798997699
240,185,1.937506255
240,219,1.554677258
240,234,2.199191567
240,239,0.538050674
240,241,0.989723815
241,13,2.262292008
241,17,2.090099914
241,18,1.42528233
241,32,1.282078824
241,76,1.007740978
241,239,0.457067946
241,240,0.989723815
242,144,1.4679525
242,148,0.768873969
242,208,1.1026561
242,243,0.307417948
242,244,0.385441417
242,245,1.1147249
242,246,0.698733453
242,288,0.493779806
243,143,1.668533485
243,144,1.167943973
243,148,1.024378665
243,208,1.260494768
243,242,0.307417948
243,244,0.651776875
243,245,1.421837323
243,246,0.972795696
243,274,1.699710758
243,288,0.24917226
244,46,1.743032595
244,143,1.037350822
244,144,1.815493688
244,147,1.008845815
244,148,0.383438047
244,208,0.77412636
244,242,0.385441417
244,243,0.651776875
244,245,0.83978436
244,246,0.686513262
244,274,1.543843494
244,288,0.746093903
245,10,0.98233881
245,22,1.186188659
245,75,1.00315837
245,117,0.650010734
245,121,1.101883505
245,125,0.900309523
245,143,0.34021894
245,144,2.575975674
245,148,0.679405699
245,242,1.1147249
245,243,1.421837323
245,244,0.83978436
245,246,0.675161097
245,274,1.224984316
246,10,1.652960914
246,22,1.75106026
246,75,1.663451023
246,117,1.122047085
246,121,1.722848389
246,125,1.441644879
246,143,1.011253347
246,144,2.033106258
246,148,0.863376259
246,242,0.698733453
246,243,0.972795696
246,244,0.686513262
246,245,0.675161097
246,274,0.85748863
247,5,0.514981509
247,6,1.182015318
247,19,1.363011111
247,108,0.743317212
247,109,0.264234075
247,189,1.602652535
247,217,1.542836445
248,35,2.062423797
248,36,2.559908657
248,142,1.038982088
248,202,2.185292043
248,238,0.64829939
248,294,0.973948775
249,2,0.934457399
249,4,1.146343771
249,11,1.719095472
249,38,0.986998983
249,40,0.775169273
249,55,2.629798098
249,68,2.047063595
249,124,2.037803268
249,154,1.835257945
249,155,1.981872767
249,157,1.945143252
249,170,0.824725797
249,175,3.46312638
249,180,1.517932326
249,226,2.207888971
249,250,0.253789145
249,251,0.607684158
249,252,0.544697022
249,253,0.501536528
249,261,1.106697731
249,262,0.880026545
249,270,3.20601048
249,286,0.751559306
250,2,0.763744871
250,4,0.961811985
250,38,1.001938996
250,55,2.617091625
250,170,0.828976102
250,175,3.467157909
250,180,1.517887163
250,226,2.221775401
250,249,0.253789145
250,251,0.50429633
250,253,0.267591953
250,261,1.292013978
250,270,3.229473437
251,2,0.367267187
251,4,0.584560648
251,11,1.111517421
251,27,2.190427321
251,28,2.513822739
251,30,2.673232293
251,38,1.506208423
251,40,0.762704635
251,68,1.557246887
251,122,1.176508256
251,124,1.631246825
251,154,1.640432649
251,155,1.836091112
251,156,1.426695262
251,157,1.696240833
251,170,1.33314766
251,195,3.449951724
251,199,1.485337719
251,200,1.686165324
251,203,2.662984889
251,249,0.607684158
251,250,0.50429633
251,252,0.459372241
251,254,0.674835054
251,262,1.430329646
251,282,1.645083374
251,283,2.059929981
251,286,1.069221346
252,4,1.014315988
252,38,1.529033393
252,40,0.315306137
252,157,1.413674493
252,170,1.368926665
252,180,2.060265036
252,226,2.74471868
252,249,0.544697022
252,251,0.459372241
252,261,1.495553739
252,262,1.119246633
252,286,0.641387199
253,2,0.792172148
253,3,0.891929717
253,4,0.952767422
253,38,0.939558801
253,43,0.936336206
253,45,0.687171095
253,55,2.486394795
253,60,2.428524697
253,170,0.770027127
253,175,3.346805933
253,180,1.416863131
253,226,2.121179579
253,249,0.501536528
253,250,0.267591953
253,254,0.271924626
253,270,3.129411492
253,272,1.426463713
253,273,2.713137866
254,2,0.680942623
254,3,0.689224997
254,4,0.791643045
254,27,2.605294083
254,43,1.035095298
254,44,1.134910216
254,45,0.767168816
254,95,1.38574494
254,122,1.012584273
254,173,1.596158091
254,218,2.72544999
254,251,0.674835054
254,253,0.271924626
254,272,1.367812184
255,59,1.801875247
255,91,0.751810141
255,92,0.354972446
255,93,0.936484871
255,217,3.024432986
255,274,3.078852578
256,17,1.54470341
256,89,1.149444373
256,90,0.900499242
256,110,1.551634695
256,113,0.709785638
256,114,1.26099535
256,115,0.716680814
256,133,1.599134713
256,159,1.425450116
256,182,1.295478786
256,183,1.395047001
256,184,0.351087451
256,219,0.319588045
256,234,0.32546129
256,291,1.016397918
256,293,1.681951645
256,296,1.166247983
257,191,0.751633128
257,236,1.141642604
258,34,0.881094589
258,104,0.903886639
258,181,1.759280339
258,210,0.447814459
259,1,0.818556412
259,167,0.771884872
259,260,0.243077964
260,193,0.288410558
260,259,0.243077964
261,38,0.834675584
261,40,1.528596183
261,44,1.77090629
261,55,2.064549543
261,170,0.861921833
261,175,2.771829421
261,180,1.119955206
261,226,1.58428046
261,249,1.106697731
261,250,1.292013978
261,252,1.495553739
261,262,0.490580068
261,270,2.455685926
261,272,2.115176176
261,286,1.10163256
262,2,1.787704193
262,4,2.004861758
262,11,2.511153868
262,38,1.101129042
262,40,1.087231159
262,68,2.564821661
262,124,2.434904507
262,154,1.971885789
262,155,2.025646223
262,156,1.959862298
262,157,2.137219225
262,170,1.049649533
262,180,1.513650545
262,199,2.730950472
262,226,2.050886996
262,249,0.880026545
262,251,1.430329646
262,252,1.119246633
262,261,0.490580068
262,270,2.944224836
262,286,0.626200353
263,28,2.45935447
263,29,2.491258139
263,30,2.360404945
263,67,1.349826511
263,68,3.403741847
263,124,3.530298616
263,126,2.59185871
263,153,1.074644349
263,190,0.315413333
263,195,1.625752075
263,196,1.593044796
263,197,1.379141339
263,199,3.406945292
263,201,1.747287793
263,204,2.635385521
263,220,0.746626115
263,224,0.49156887
263,225,2.748043852
264,69,1.613756795
264,77,1.376048318
264,265,0.767756642
264,266,0.497961063
264,267,0.941148675
264,281,0.916064652
265,69,2.007218006
265,178,11.402219703376161
265,216,8.763848747
265,264,0.767756642
265,266,1.265711831
265,267,1.708899505
266,77,0.89355067
266,264,0.497961063
266,265,1.265711831
266,267,0.443188134
267,77,0.490310873
267,264,0.941148675
267,265,1.708899505
267,266,0.443188134
267,268,0.665373613
268,69,0.945159123
268,77,0.570627773
268,267,0.665373613
268,281,0.304854816
269,27,6.212181804
269,56,1.54841344
269,84,2.215565913
269,97,2.225932452
269,99,1.56965932
269,100,0.93022027
269,101,1.002705981
269,192,0.666337228
269,205,4.812289666
269,211,0.828946494
269,237,3.410360531
269,276,1.021957625
270,38,2.22967932
270,40,3.878305533
270,43,2.243840091
270,45,2.512078335
270,46,1.204886286
270,55,0.724842489
270,103,1.684976349
270,170,2.401337253
270,174,0.488103849
270,175,0.356161314
270,180,1.714918925
270,226,1.009106272
270,230,1.526365368
270,249,3.20601048
270,250,3.229473437
270,253,3.129411492
270,261,2.455685926
270,262,2.944224836
270,286,3.526198212
271,4,1.620221908
271,11,1.852366777
271,15,2.414221369
271,16,2.115925757
271,51,1.574535572
271,95,0.922855374
271,96,1.460708464
271,122,0.981210281
271,128,1.58223078
271,129,0.839199248
271,130,1.588323253
271,131,0.962694455
271,136,2.390808575
271,138,2.293138867
271,139,2.376385296
271,172,1.989683213
271,173,0.666473082
271,212,0.823931211
271,218,1.666453646
271,282,1.472735146
271,283,1.906794357
272,4,2.063071021
272,11,2.701111493
272,38,1.281029426
272,43,0.797229103
272,44,0.350070526
272,45,0.849230164
272,51,0.776281673
272,60,1.144571562
272,61,1.441466996
272,95,0.941146498
272,96,0.491119358
272,122,1.8945046
272,170,1.291029796
272,173,1.266401747
272,180,1.200763889
272,218,3.4145804
272,226,1.587330849
272,253,1.426463713
272,254,1.367812184
272,261,2.115176176
272,273,1.286745224
273,10,1.202537782
273,19,2.675791653
273,21,2.01991059
273,22,1.842689113
273,23,2.242887929
273,38,2.405235503
273,43,1.972510071
273,45,2.103855599
273,47,0.467108414
273,51,0.988267833
273,52,1.110676431
273,61,0.579800077
273,62,1.704511313
273,94,0.854251322
273,96,1.242233297
273,106,2.608142464
273,121,0.541518345
273,129,2.6433585440466056
273,147,1.142406489
273,180,2.093365432
273,209,0.818641733
273,253,2.713137866
273,272,1.286745224
273,280,1.51309064
274,22,1.795998624
274,92,2.984748179
274,93,3.145842125
274,143,1.52553925
274,148,1.683639801
274,217,1.717586233
274,243,1.699710758
274,244,1.543843494
274,245,1.224984316
274,246,0.85748863
274,255,3.078852578
274,288,1.943784585
275,177,2.500004683
275,186,3.317161906
275,299,1.93206742
276,49,0.376034322
276,192,1.122632886
276,205,4.033481404
276,211,1.677258079
276,269,1.021957625
277,140,0.303642845
277,151,0.515636075
277,178,0.79151587
278,57,4.161777864
278,103,1.991168565
278,144,0.968681651
278,230,1.601408796
278,295,0.966268005
279,66,0.765643026
279,89,2.026883121
279,90,1.892737743
279,113,0.400922469
279,115,0.425682939
279,136,1.360611778
279,159,0.423882669
279,184,1.14393923
279,194,0.635599712
279,195,1.281696849
279,204,1.318672209
279,219,1.321143251
279,234,0.676106409
279,291,0.408767401
279,296,0.164686769
280,0,2.258312592
280,8,2.452271476
280,10,1.039093239
280,14,1.709264558
280,19,1.487234622
280,21,0.618256839
280,22,1.250529301
280,23,0.730178792
280,47,1.183840384
280,52,0.632655445
280,62,1.124448358
280,75,1.150550768
280,106,1.142122742
280,121,1.292222649
280,125,1.664408026
280,129,1.80853492
280,131,1.786208014
280,172,2.480075799
280,173,1.758240912
280,273,1.51309064
281,69,0.862414694
281,77,0.818834313
281,264,0.916064652
281,268,0.304854816
282,2,1.294338839
282,4,1.08322536
282,11,0.676021004
282,40,2.222682926
282,95,2.123659435
282,96,2.597121025
282,122,0.88468397
282,154,2.518818524
282,155,2.748978392
282,173,2.021606834
282,212,0.998224056
282,218,1.097617726
282,251,1.645083374
282,271,1.472735146
282,283,0.528461463
283,2,1.735472297
283,4,1.539524301
283,11,0.968606937
283,15,2.59045354
283,16,2.334960351
283,27,0.771310943
283,28,1.092441088
283,29,0.963930639
283,30,1.113924675
283,40,2.5381822
283,68,1.628746532
283,95,2.629075649
283,96,3.114839245
283,122,1.41314541
283,126,2.024581693
283,128,2.245588162
283,130,2.44096856
283,138,2.266280962
283,139,2.081422189
283,173,2.501618883
283,195,1.816008109
283,196,1.902894065
283,200,0.656678438
283,203,0.690403868
283,218,0.9541325
283,251,2.059929981
283,271,1.906794357
283,282,0.528461463
283,290,1.113044044
284,31,1.987488688
284,32,2.664974647
284,33,0.934717046
284,76,2.293820592
284,86,1.325338724
284,90,3.205905263
284,132,2.443321463
284,138,4.948651905
284,139,4.82826405
284,158,0.762164316
284,160,0.86567506
284,161,1.057000495
284,163,1.605062112
284,166,1.913582149
284,285,0.254473721
285,17,4.199609001
285,31,1.734804832
285,32,2.411585179
285,33,0.684190409
285,76,2.076363999
285,86,1.576887008
285,90,2.955046455
285,132,2.206138761
285,158,1.00760138
285,160,1.081121371
285,161,1.193552208
285,163,1.6296626
285,166,1.942178314
285,284,0.254473721
286,2,1.43316009
286,4,1.646479812
286,11,2.037013619
286,38,1.481970723
286,40,0.492326529
286,68,1.954835121
286,124,1.810216246
286,126,2.758253122
286,154,1.363014056
286,155,1.441430646
286,156,1.334834923
286,157,1.520975066
286,170,1.366983859
286,180,1.977224031
286,199,2.167327679
286,200,2.50066193
286,226,2.590013769
286,249,0.751559306
286,251,1.069221346
286,252,0.641387199
286,261,1.10163256
286,262,0.626200353
286,270,3.526198212
287,47,14.0181144
287,86,4.05351577
287,112,0.712606833
287,138,10.055906128524772
287,176,1.600839846
287,216,1.533642064
288,46,1.207249965
288,55,2.322824712
288,60,2.148884092
288,144,1.105387308
288,147,1.27249956
288,148,1.07946986
288,175,1.814267514
288,208,1.20615607
288,230,1.37303862
288,242,0.493779806
288,243,0.24917226
288,244,0.746093903
288,274,1.943784585
289,135,0.48874859
289,139,1.138429437
289,292,0.052595684
289,300,0.382664509
290,4,2.531408009
290,11,2.055851859
290,13,2.025808494
290,15,1.678486093
290,16,1.496760408
290,128,1.677153221
290,130,1.912450023
290,136,0.420208176
290,139,1.066918969
290,203,0.975327049
290,218,0.540124115
290,283,1.113044044
290,292,0.283475905
291,89,1.85215758
291,113,0.683201115
291,114,0.727314486
291,115,0.300970815
291,123,0.972045165
291,133,0.903032034
291,159,0.635908636
291,182,1.32044593
291,183,1.718873175
291,234,0.72908972
291,237,1.028567413
291,256,1.016397918
291,279,0.408767401
291,293,0.689687983
291,296,0.464214232
292,113,0.788298626
292,137,0.478033155
292,289,0.052595684
292,290,0.283475905
293,66,0.465017087
293,67,0.322623402
293,89,2.527380054
293,114,1.150770694
293,115,0.972290984
293,123,0.649717535
293,133,1.106779326
293,159,0.487936497
293,182,1.865571469
293,183,2.319951205
293,194,0.563276769
293,234,1.370934936
293,237,0.875469162
293,256,1.681951645
293,291,0.689687983
293,296,0.63710354
294,39,2.529052803
294,142,0.216779842
294,181,1.506576207
294,202,1.221477103
294,238,0.328725315
294,248,0.973948775
295,57,3.196533726
295,60,4.90209538
295,102,2.254567558
295,103,2.675121618
295,127,1.244718025
295,230,2.51663742
295,278,0.966268005
296,17,2.436432511
296,28,1.64201254
296,29,1.423788741
296,30,1.450969546
296,66,0.600956636
296,89,2.180887764
296,90,2.056613517
296,113,0.545079755
296,114,1.188851569
296,115,0.563718551
296,133,1.326900386
296,136,1.455909917
296,159,0.259205152
296,182,1.768937959
296,183,2.136896872
296,184,1.302543467
296,185,1.539278811
296,194,0.475014618
296,195,1.118369886
296,196,0.913030314
296,204,1.225552486
296,234,0.840787004
296,256,1.166247983
296,279,0.164686769
296,291,0.464214232
296,293,0.63710354
297,73,0.926206208
297,74,0.686904527
297,107,0.577674781
297,179,1.325707707
298,73,2.026966456
298,107,1.06503046
298,179,1.877698252
298,216,2.102775513930612
299,177,0.568635095
299,275,1.93206742
300,29,1.074426756
300,82,0.27131968
300,203,0.571313994
300,289,0.382664509
